pii_name,pii_email,pii_mobile,attribute1,attribute2,attribute3,attribute4,attribute5,attribute6,attribute7
Florentina Sanders,rule2056@yahoo.com,(373) 664-9320,49,A−,Virginia Beach,Illinois,2012-07-09T04:50:00.584791,Cambodian,62924
Kai Stevens,philip1866@duck.com,(112) 956-5909,50,O−,Spanish Fork,New Hampshire,2012-09-08T12:14:44.417091,Uruguayan,56388
Glennis Nash,times1915@outlook.com,966.588.1287,58,AB+,Seaside,South Carolina,2017-01-04T04:15:42.180774,Romanian,91736
Chieko Mcintyre,height1878@protonmail.com,315-746-7366,29,AB+,Rancho Cucamonga,Arizona,2020-01-21T13:03:48.690845,Romanian,01795
Nick Coleman,intent2032@example.org,+1-(188)-961-2012,41,A+,Grand Prairie,Utah,2001-06-08T13:06:15.942104,Salvadorian,80697
Michael Holden,generous1825@protonmail.com,878.156.5807,63,O−,Rocklin,North Carolina,2017-12-05T08:33:55.354724,Ethiopian,25873
Lilliana Dillard,neighbor1925@gmail.com,087.643.9009,29,O+,Plattsburgh,Nebraska,2004-04-04T00:47:54.430287,Cuban,65026
Rogelio Kirkland,insurance2045@gmail.com,1-317-704-8767,19,A−,Roanoke,Pennsylvania,2001-06-23T08:10:09.541764,Salvadorian,32331
Donette Bird,outcomes2022@example.com,491-728-3905,60,O+,Harrison,Pennsylvania,2022-09-10T09:56:48.114263,Swiss,19496
Synthia Bradley,stud2003@live.com,290.597.8300,43,AB−,Oakley,Alabama,2006-12-20T05:37:00.453846,Israeli,95076
Patrick Patton,precipitation1889@example.org,349-143-2137,16,B+,Binghamton,South Carolina,2019-06-29T02:09:50.664180,Irish,82230
Benjamin Patterson,alice1975@protonmail.com,1-555-354-8773,62,A−,Palo Alto,Idaho,2011-06-03T13:38:55.115711,Canadian,51768
Marcos Henry,sister1918@yahoo.com,680.435.2875,63,B+,Bartlesville,Wyoming,2000-11-11T16:32:37.659938,Saudi,48928
Rosana Delacruz,holdings2017@yahoo.com,1-571-914-3707,54,AB−,St. Louis Park,North Dakota,2001-06-16T01:40:00.503639,Costa Rican,04268
Kermit King,tops1934@outlook.com,1-650-867-5510,44,O+,Chowchilla,North Carolina,2020-08-21T22:36:32.822299,Argentinian,69664
Ed Patel,outputs1871@example.com,556-263-9123,60,A−,Aurora,Alabama,2007-07-14T15:25:09.057290,Belgian,12619
Benjamin Page,hwy1843@yahoo.com,239.738.2938,55,B−,Coon Rapids,Wyoming,2013-06-09T18:24:23.214767,Cuban,41837
Rasheeda English,quarterly1816@duck.com,042.416.4496,33,A+,Bryan,Wisconsin,2000-05-05T01:02:01.632283,Swiss,49960
Mafalda Lara,firmware2086@example.org,811-269-6175,64,A−,Des Plaines,Vermont,2010-08-21T10:15:07.729968,Afghan,51138
Nathan Guerra,super2036@duck.com,1-193-228-2249,44,O−,Del City,Massachusetts,2006-09-11T21:48:41.981905,Estonian,35204
Senaida Sims,authentic2029@yandex.com,845-229-7229,32,A+,Asbury Park,Ohio,2012-05-01T02:04:58.573501,Finnish,79268
Celinda Rios,regulatory2080@yandex.com,(816) 891-4573,25,O−,Machesney Park,Arkansas,2011-07-11T13:46:32.801354,Dominican,40213
Kristle Griffith,dad1873@duck.com,(445) 344-1829,58,B−,Miramar,Kentucky,2001-12-02T08:23:13.366214,Saudi,61291
Kieth Middleton,downloading1882@duck.com,516.706.8948,34,B+,Thousand Oaks,South Dakota,2020-10-01T13:10:59.467007,German,39086
Cliff Osborn,feet1990@yandex.com,791-277-9791,25,B+,Cedar Falls,Montana,2014-11-27T21:51:54.823036,Chilean,67949
Ferdinand Avila,watershed1857@gmail.com,(120) 245-6375,25,AB−,Hazel Park,Massachusetts,2015-12-26T20:09:39.725352,Venezuelan,89303
Pedro Marshall,fan1810@yandex.com,515.193.8904,28,A+,North Las Vegas,Illinois,2008-07-24T21:58:35.544445,Estonian,16981
Fritz Reynolds,paso1827@outlook.com,+1-(906)-684-1641,63,O−,Wenatchee,New Jersey,2009-01-24T06:03:53.793094,Costa Rican,58619
Arron Knowles,brothers1961@gmail.com,(053) 522-2044,27,AB−,Lubbock,New Hampshire,2002-07-01T07:27:44.465183,Belgian,79354
Warner Bean,logged1912@duck.com,(460) 653-2917,54,AB−,Juneau,Florida,2015-08-28T17:02:38.423091,Taiwanese,17150
Samuel Conway,pcs1801@live.com,906-989-4870,40,B+,Rolla,North Dakota,2009-11-04T23:49:26.945771,Argentinian,66258
Hana Gomez,relationships1869@live.com,1-184-605-5554,57,O−,Burnsville,Arizona,2012-08-06T16:34:49.175098,Bolivian,73182
Jackson Duncan,indoor1972@example.org,908.055.5367,22,A−,North Miami Beach,South Carolina,2010-12-17T12:32:11.271010,Chinese,24064
Garrett Carlson,directories2018@protonmail.com,146-243-3228,16,O−,Toledo,Mississippi,2018-03-08T04:34:50.007005,Polish,99501
Ezra Mcgee,amsterdam1874@example.com,018.790.8068,45,A−,Texarkana,Massachusetts,2009-11-19T04:24:45.417547,Bolivian,16401
Cayla Reyes,caring2093@example.org,+1-(562)-330-8152,34,B−,Beverly Hills,Minnesota,2022-01-02T10:17:23.259671,Puerto Rican,17172
Freddie Parsons,feet2042@duck.com,306.905.1123,28,AB+,Summit,Nevada,2018-09-14T15:28:37.812644,Portuguese,38900
Gustavo Lawrence,sensor2055@gmail.com,040-008-6404,37,B+,Pascagoula,Georgia,2021-03-17T22:21:10.917992,Swedish,25915
Caroll Sharp,genesis1945@yandex.com,549.286.6289,33,A−,Waterbury,Oklahoma,2022-11-11T07:04:39.690741,Saudi,05363
Cathern Melton,viewer2076@live.com,(239) 956-7793,64,B−,Mooresville,Kansas,2014-08-05T22:23:16.176750,French,73457
Garfield Bishop,texas1982@example.com,950-932-2179,64,A−,Federal Way,New Mexico,2010-07-13T05:48:23.321655,German,08409
Bud Coffey,geometry2065@live.com,617-646-8148,49,A+,Eagle Pass,Utah,2000-08-20T19:56:19.433052,French,79470
Natisha Welch,movement1992@duck.com,911-058-4962,36,O+,Elmhurst,Vermont,2004-03-15T11:54:08.879164,Salvadorian,18284
Sherilyn Wilkinson,proceeds2078@yahoo.com,1-460-262-5765,17,O+,Nashua,Vermont,2018-04-07T19:59:31.205877,Puerto Rican,56043
Renato Morales,afterwards1961@protonmail.com,1-168-706-4491,40,A+,Olathe,Arkansas,2016-12-13T14:05:12.216763,Portuguese,39136
Lyla Patterson,dell2025@gmail.com,(145) 630-8327,64,AB+,Monroeville,Massachusetts,2019-07-23T10:44:29.039757,Swedish,12515
Inger Moss,gym2097@gmail.com,(970) 114-5870,64,A−,South Burlington,Michigan,2018-06-09T04:59:04.157859,Mexican,38256
Shondra Jenkins,packages2054@outlook.com,+1-(181)-434-9193,40,AB+,Miramar,Florida,2007-02-26T12:58:07.548427,Estonian,80455
Bao Keith,professional1894@example.org,216.974.9990,35,A+,Mobile,Hawaii,2012-06-12T17:17:18.675325,Polish,19331
Drema Mccullough,disagree1872@yandex.com,1-894-914-4683,25,A−,Ennis,North Dakota,2000-07-19T15:36:16.016646,Polish,42025
Emelina Potter,status1953@duck.com,+1-(152)-888-3411,34,AB−,Brigham City,Tennessee,2004-07-21T04:02:03.995188,Cambodian,91451
Rory Hood,beverly2033@yandex.com,1-589-838-0579,16,AB+,Laconia,New York,2009-04-13T05:03:25.123726,Portuguese,30611
Frances Kemp,valium1940@yahoo.com,218-345-7708,65,A−,Evans,North Dakota,2012-05-13T20:03:14.008879,Ukrainian,59879
Tod Underwood,tion1958@example.com,+1-(721)-197-1035,43,A−,Brandon,Kansas,2016-07-15T15:36:22.499926,Saudi,68991
Devorah Harris,remains1918@yahoo.com,(610) 864-1791,26,AB+,Pleasanton,Washington,2008-11-01T22:43:16.079078,Salvadorian,96322
Arron Maddox,downloads1856@example.com,360-637-4044,22,O+,Diamond Bar,Washington,2019-11-05T13:34:27.522572,Salvadorian,12243
Stuart Patton,match1989@example.org,+1-(106)-526-9182,19,AB+,Lexington,Arkansas,2013-02-10T12:54:34.403747,Guatemalan,29057
Marlin Craig,extreme1960@example.org,(945) 050-5369,29,B+,Alhambra,North Carolina,2014-10-20T19:47:17.133907,Venezuelan,23524
Elenora Carey,pendant2098@gmail.com,(380) 437-3827,65,B−,Hilliard,Oregon,2018-09-05T20:25:04.182086,Greek,82550
Tomoko Beasley,branches1811@gmail.com,221.405.4647,60,O+,Tracy,Hawaii,2003-09-22T19:28:21.906714,Japanese,58545
Gerald Blackwell,source1911@duck.com,257-809-3184,21,AB+,Trenton,Utah,2000-08-24T20:05:17.409090,Belgian,29898
Von Nielsen,higher1811@duck.com,1-396-413-0696,61,B+,New Brunswick,Missouri,2006-09-20T00:46:29.398027,Costa Rican,76510
Fermin Bowen,vista1958@gmail.com,032.277.7382,27,O+,Moscow,Virginia,2001-12-29T22:09:44.373721,Costa Rican,71039
Irwin Brooks,guinea2037@yahoo.com,172.013.3540,60,O+,Winter Garden,Utah,2004-03-06T22:00:50.238731,Egyptian,63664
Toshiko Montgomery,nylon1934@gmail.com,788-014-6949,32,O−,Melrose Park,Kansas,2003-12-20T22:12:40.493532,Ethiopian,11159
Chet Nunez,machine2028@example.org,329.624.9793,25,A−,Strongsville,Montana,2003-11-17T10:18:48.825996,Afghan,49521
Robert Schneider,deputy1912@gmail.com,132.827.2883,19,A+,Walla Walla,South Dakota,2007-02-13T11:14:25.650502,Iranian,52436
Jeremiah Baxter,reads1995@yahoo.com,643.405.7574,28,B−,Hawthorne,Arizona,2009-06-03T06:26:45.228759,Belgian,18093
Tilda Sharpe,approaches1976@protonmail.com,(971) 067-9575,18,B−,Greenville,Alaska,2004-02-19T04:57:22.549223,Argentinian,67503
Orville Jacobson,bulgarian1933@outlook.com,1-453-453-0895,34,O+,Yukon,Pennsylvania,2007-10-07T13:50:42.083542,Puerto Rican,94807
Erwin Riley,worn1802@protonmail.com,302-822-1874,41,B+,Marana,New Jersey,2020-07-30T00:14:45.782168,British,31895
Hyman Diaz,condition1822@outlook.com,482.153.6887,60,O−,Mequon,North Dakota,2018-12-27T08:53:31.054246,German,26876
Fatimah Kaufman,tulsa1879@example.com,626.741.4918,56,AB−,New Rochelle,New York,2003-01-12T15:32:22.357230,Costa Rican,32935
Edra Davis,fibre1845@outlook.com,+1-(914)-191-1833,53,B−,Mequon,Arkansas,2022-12-21T02:23:58.430362,Chinese,64450
Loris Rios,hollywood1976@outlook.com,+1-(091)-294-4523,38,O−,Shawnee,Alabama,2015-08-12T13:19:31.934991,Latvian,94052
Alton Kirkland,textile1910@protonmail.com,331.094.7644,32,O+,Sherman,Georgia,2011-10-28T00:14:03.396430,English,01157
Rosette Bailey,value1976@duck.com,1-548-346-2731,39,A+,Vista,Oklahoma,2021-12-30T04:01:05.054808,Portuguese,72069
Diedre Tyson,latinas2077@live.com,(677) 516-1237,59,B−,East Lansing,Montana,2022-04-12T04:47:53.555674,Chilean,03571
Cathey Silva,voyeurweb2030@yahoo.com,1-590-560-1917,27,A−,Anaheim,Kentucky,2008-01-21T13:43:46.053895,Swedish,68721
Gary Skinner,canada1990@live.com,021.392.8418,56,B−,Houma,Arizona,2013-02-28T04:16:15.379535,Finnish,49569
Mica Randall,web1979@example.com,453.045.4507,30,A+,Avon,Indiana,2015-08-08T19:25:23.970631,Italian,08882
Claude Harper,molecules2082@live.com,559.370.2741,66,A−,Milledgeville,North Dakota,2022-09-04T00:34:28.135313,Romanian,34882
Aracelis Simon,mixer1842@gmail.com,891-025-4177,42,B+,Kissimmee,Montana,2019-06-02T19:47:21.189189,Jordanian,54960
Noah Gordon,measurements1965@yandex.com,(569) 338-4367,41,A+,Orland Park,Minnesota,2001-12-18T05:24:35.067781,Romanian,10603
Hubert Hampton,horse2017@duck.com,(006) 506-8784,52,O+,White Plains,New Jersey,2004-05-14T00:35:36.428675,Spanish,52273
Sixta Rollins,headphones1981@protonmail.com,400.116.3367,37,B+,Carlisle,North Carolina,2009-12-14T14:02:22.739961,Latvian,28414
Connie Camacho,noon2008@example.org,340-332-3944,61,AB−,Forest Park,Idaho,2013-08-03T22:23:48.758092,Polish,06465
Bud Fletcher,russian1890@yandex.com,972.611.1342,24,B+,Upland,Tennessee,2003-12-06T13:13:11.941081,British,23019
Jan Elliott,cookbook2033@yandex.com,424-393-4299,23,A−,Summerville,Nevada,2010-10-16T13:21:55.769616,Polish,57072
Jarvis Rich,merchant1899@example.org,(397) 000-7470,28,B−,Glen Cove,Minnesota,2004-05-26T19:53:52.100130,Belgian,08675
Diedre Roy,danish2019@yahoo.com,+1-(848)-448-0960,29,A−,Moses Lake,Virginia,2004-10-13T17:03:14.041142,Cambodian,26313
Risa Singleton,consult1891@outlook.com,1-428-723-3681,51,A+,Hamilton,Massachusetts,2000-08-07T01:00:24.933886,Ethiopian,12614
Timmy Cardenas,mediawiki2088@duck.com,792-284-2763,46,AB−,Haltom City,Kentucky,2001-05-22T01:26:19.067228,Saudi,26876
Leonila O'donnell,cant2015@live.com,1-248-436-3642,45,B−,Rancho Palos Verdes,Virginia,2020-10-16T06:50:42.771351,Egyptian,40704
Kurt Huff,jessica1884@yandex.com,+1-(316)-250-0521,32,B+,Fairview Heights,Nevada,2010-01-19T16:03:00.596062,Estonian,11339
Jeramy Navarro,economics2026@example.org,1-399-765-2713,54,AB−,Missouri City,Mississippi,2014-07-28T08:14:47.466406,Cambodian,89147
Benito Madden,purchase1941@yahoo.com,664.126.7562,60,AB−,Corvallis,Massachusetts,2020-10-12T03:11:32.852136,Salvadorian,53515
Margareta King,shipped1888@yandex.com,1-600-388-9859,52,AB−,Ozark,Utah,2013-09-26T18:23:05.829292,German,18240
Giuseppe Thompson,reports1986@live.com,892-246-3373,23,AB−,El Paso,Wisconsin,2017-01-06T13:08:33.763884,Iranian,78279
Tran Nielsen,phillips2078@yandex.com,1-619-873-7752,37,B−,Ada,Michigan,2020-07-13T22:56:32.721065,Cambodian,14768
